{"IcoMoonType":"selection","icons":[{"icon":{"paths":["M649.6 448h230.621c26.535 0 47.779 21.49 47.779 48 0 26.694-21.391 48-47.779 48h-112.221v32h80.221c26.535 0 47.779 21.49 47.779 48 0 26.694-21.391 48-47.779 48h-112.221v32h80.221c26.535 0 47.779 21.49 47.779 48 0 26.694-21.391 48-47.779 48h-112.221v32h47.946c26.576 0 48.054 21.49 48.054 48 0 26.694-21.514 48-48.054 48h-239.946l-192-64h-191.906c-18.082 0-32.094-14.305-32.094-31.952v-352.096c0-17.632 14.326-31.952 31.999-31.952h208.001c0 0 105.752-23.158 155.875-118.359s-7.742-233.641 84.125-233.641c100.848 0 112.023 176 73.6 352v0z"],"attrs":[],"isMulticolor":false,"isMulticolor2":false,"tags":["thumb-up"],"grid":32},"attrs":[],"properties":{"id":5,"order":60,"prevSize":32,"code":59648,"name":"thumb-up"},"setIdx":0,"setId":5,"iconIdx":5},{"icon":{"paths":["M649.6 576h230.621c26.535 0 47.779-21.49 47.779-48 0-26.694-21.391-48-47.779-48h-112.221v-32h80.221c26.535 0 47.779-21.49 47.779-48 0-26.694-21.391-48-47.779-48h-112.221v-32h80.221c26.535 0 47.779-21.49 47.779-48 0-26.694-21.391-48-47.779-48h-112.221v-32h47.946c26.576 0 48.054-21.49 48.054-48 0-26.694-21.514-48-48.054-48h-239.946l-192 64h-191.906c-18.082 0-32.094 14.305-32.094 31.952v352.096c0 17.632 14.326 31.952 31.999 31.952h208.001c0 0 105.752 23.158 155.875 118.359s-7.742 233.641 84.125 233.641c100.848 0 112.023-176 73.6-352v0 0z"],"attrs":[],"isMulticolor":false,"isMulticolor2":false,"tags":["thumb-down"],"grid":32},"attrs":[],"properties":{"id":7,"order":61,"prevSize":32,"code":59649,"name":"thumb-down"},"setIdx":0,"setId":5,"iconIdx":7}],"height":1024,"metadata":{"name":"icomoon"},"preferences":{"showGlyphs":true,"showQuickUse":true,"showQuickUse2":true,"showSVGs":true,"fontPref":{"prefix":"icon-","metadata":{"fontFamily":"icomoon"},"metrics":{"emSize":1024,"baseline":14.271749755620725,"whitespace":25.024437927663733},"embed":false},"imagePref":{"prefix":"icon-","png":true,"useClassSelector":true,"color":0,"bgColor":16777215,"classSelector":".icon"},"historySize":50,"showCodes":true,"gridSize":16}}